epoch,hamiltonian,kinetic,potential,T/V Ratio
1,1.1535160938898723,0.3869841893513997,0.7665318995714188,0.504850730371129
2,1.213794305920601,0.46027333041032154,0.7535209854443868,0.610830141829264
3,0.8657110532124838,0.10660153887389849,0.7591095119714737,0.14042972350200827
4,1.05520964662234,0.30408606119453907,0.7511235922574997,0.404841579107653
5,0.7839432309071223,0.01995895376118521,0.763984277844429,0.026124822643600887
6,1.2667084534962971,0.5187697199483713,0.7479387372732162,0.6935992135394221
7,0.9547048509120941,0.19248885475099087,0.7622159967819849,0.25253846096600363
8,1.1248762259880702,0.37929826229810715,0.7455779810746511,0.5087305042879611
9,1.026787261168162,0.2831460212667783,0.743641252319018,0.3807562052048589
10,0.8385553558667501,0.07844959946426873,0.7601057489713033,0.10320879636871484
11,0.7559357583522797,0.006153148383115574,0.7497826168934504,0.008206576472271004
12,0.731587698062261,0.00029151022348135786,0.7312961866458257,0.00039862128205317616
13,0.7335626731316248,0.00019539930023408184,0.7333672692378362,0.0002664412613302932
14,0.7269863585631052,0.00020910302403838918,0.7267772555351257,0.0002877126691099142
15,0.7197131564219793,0.00047820450618019095,0.719234953324,0.0006648794027183075
16,0.7256883134444555,0.0026880371418277114,0.7230002780755361,0.0037178922655225813
17,0.7167918781439463,0.0057226122201730805,0.711069275935491,0.00804789689815292
18,0.740269680817922,0.033738223874631025,0.7065314551194509,0.047751906344958156
19,1.0900669346253078,0.3951475955545902,0.6949193328619003,0.5686236903602119
20,1.0575276613235474,0.3586378612866004,0.698889801899592,0.5131536621536297
21,0.7327612241109213,0.016945458444145817,0.7158157577117285,0.023672932960173882
22,0.7564621418714523,0.05885144074757894,0.6976107011238734,0.08436143633228012
23,1.0763651231924694,0.38339497925092775,0.6929701417684555,0.5532633459105556
24,0.8664791534344355,0.1803364378089706,0.6861427128314972,0.26282642726726385
25,1.0125068823496501,0.3285339369128148,0.683972954750061,0.480331765505068
26,0.8299529353777567,0.1460286498380204,0.6839242825905482,0.21351581389228852
27,0.9770314445098242,0.30132760231693584,0.6757038285334905,0.44594627052938307
28,0.9056697885195414,0.23123665930082402,0.6744331419467926,0.3428607595311008
29,0.8202378849188486,0.14607630406195918,0.6741615782181422,0.21667847706190765
30,0.9641385326782862,0.2944735785325368,0.6696649491786957,0.43973270348655874
31,0.7192066609859467,0.04958405625075102,0.6696226050456365,0.07404776343739432
32,0.9435106168190638,0.2820506940285365,0.6614599227905273,0.4264063238157166
33,0.9318876713514328,0.27443591753641766,0.6574517488479614,0.41742366343584275
34,0.8604503820339838,0.20952372377117476,0.6509266619880995,0.3218852998450467
35,0.7577187071243922,0.10748339630663395,0.6502353151639303,0.1652992290637681
36,0.757446676492691,0.11202525502691667,0.6454214255015055,0.17356916055253477
37,0.8303128729263941,0.17312196704248586,0.6571909089883169,0.26342720916360624
38,0.7338492174943289,0.09361449147885044,0.6402347212036451,0.14621901683628566
39,0.7334928760925928,0.10706525264928739,0.6264276256163915,0.17091400230623202
40,0.7017309168974558,0.06789651808018486,0.6338344067335129,0.10712027835486539
41,0.9595068693161011,0.3433341635391116,0.616172713538011,0.5572044266090854
42,1.1225230445464451,0.5026755646492044,0.6198474739988645,0.8109665453764924
43,0.9949744840463003,0.37294993425409,0.6220245560010275,0.5995742943844069
44,0.6862729042768478,0.07284345446775357,0.6134294420480728,0.11874789417434749
45,0.6588981449604034,0.03826812359814843,0.6206300258636475,0.061660122783933666
46,0.6745211109519005,0.06646552961319685,0.6080555791656176,0.10930831307296249
47,0.8564814478158951,0.26462647256751853,0.5918549795945486,0.447113704693
48,0.6133997266491255,0.022335704144400854,0.5910640234748522,0.03778897591007104
49,0.5854090601205826,0.00226774793312264,0.5831413120031357,0.003888848014099275
50,0.588707039753596,0.009728530421853065,0.5789785037438074,0.016802921626530454
51,0.5702823822697004,0.0011297620852322627,0.5691526234149933,0.001984989682474863
52,0.5651839325825373,0.005523597375334551,0.5596603328982989,0.00986955310327183
53,0.5673835923274358,0.003895936068147421,0.5634876564145088,0.00691396878671202
54,0.5681308433413506,0.009826276819997778,0.5583045706152916,0.017600208447458198
55,0.5545613070329031,0.0029844336834988403,0.5515768776337305,0.005410730225498367
56,0.5490554571151733,0.001830448949476704,0.5472250084082285,0.0033449658209172956
57,0.538768415649732,0.005190988051860283,0.5335774272680283,0.009728650026367644
58,0.5224633291363716,0.00048125108393530053,0.5219820812344551,0.0009219685909469759
59,0.5197213465968767,0.0009560147203349819,0.5187653327981631,0.0018428654728687127
60,0.5585284431775411,0.0454944142450889,0.5130340307950974,0.08867718614022914
61,0.814204603433609,0.30307129087547463,0.5111333181460699,0.5929398067313311
62,0.5657826115687689,0.06197266901047745,0.5038099437952042,0.12300803065464898
63,0.5022477532426516,0.00021645743709086673,0.5020312989751498,0.0004311632313219205
64,0.48430389910936356,0.0001731033962641959,0.4841307948033015,0.0003575550205074776
65,0.4856388072172801,0.006804902203536282,0.47883390635252,0.014211404232778951
66,0.5245813131332397,0.05163886289422711,0.4729424516359965,0.10918635600504588
67,0.5708418563008308,0.11401419434696436,0.4568276604016622,0.2495781324771759
68,0.6738516092300415,0.21499387423197427,0.4588577424486478,0.46854145488464743
69,0.825034444530805,0.37681624417503673,0.4482181866963704,0.8406982477716763
70,0.97967562576135,0.5296817496418953,0.44999387115240097,1.1770865862804298
71,0.936623548467954,0.5098093574245771,0.4268141910433769,1.1944526871946612
72,0.5368260815739632,0.11102170900752147,0.42580437411864597,0.26073407356916073
73,0.5581709990898768,0.1299033984541893,0.42826760311921436,0.30332296327823993
74,0.519798144698143,0.11315885744988918,0.40663928786913556,0.2782782205892164
75,0.5960902571678162,0.19387632111708322,0.4022139335672061,0.48202288617305783
76,0.6760249808430672,0.27312980964779854,0.40289516746997833,0.6779178101413955
77,0.7809333105882009,0.3916051809986432,0.38932813207308453,1.0058486627037042
78,0.7674544850985209,0.3899371139705181,0.3775173674027125,1.032898477368743
79,0.6537497118115425,0.27787786970535916,0.3758718396226565,0.7392888756559284
80,0.5526857102910677,0.19020575859273472,0.3624799499909083,0.524734564208325
81,0.7629014924168587,0.3894877005368471,0.3734137813250224,1.0430458649779555
82,0.6691062326232592,0.3074921630322933,0.36161407455801964,0.8503323976206499
83,0.6853314886490504,0.32855257764458656,0.35677891472975415,0.9208856355579536
84,0.9184878170490265,0.5659400423367819,0.3525477771957715,1.6052860887065317
85,0.7949866155783335,0.4499485281606515,0.3450381060441335,1.304054596517809
86,0.8098338941733042,0.4633262502029538,0.34650764365990955,1.3371313986299806
87,0.44518080602089566,0.0964656478414933,0.3487151600420475,0.27663164351633474
88,0.38120005279779434,0.03581147951384386,0.3453885776301225,0.10368460867919745
89,0.38790299743413925,0.06316533545032144,0.32473766307036084,0.1945118864658314
90,0.5575438390175501,0.245176134010156,0.3123677112162113,0.7848958941868759
91,0.45326043541232747,0.1489550598586599,0.30430537710587185,0.4894920401187537
92,0.6746047909061114,0.37372063597043353,0.300884152452151,1.2420748415118525
93,0.5528218224644661,0.25745431520044804,0.2953675054013729,0.8716406188642691
94,0.8106358150641123,0.5155205205082893,0.29511529207229614,1.7468444853816631
95,0.6401039014259974,0.3388887271285057,0.30121517553925514,1.1250718909557094
96,0.3590739170710246,0.05900121325006088,0.30007270475228626,0.1966230593974454
97,0.28970963259538013,0.0073028514452744275,0.2824067808687687,0.025859334619404845
98,0.2816464255253474,0.0033908585707346597,0.27825557067990303,0.012186130047456995
99,0.285006795078516,0.022187612446335454,0.26281918336947757,0.08442158658998483
100,0.4683507705728213,0.21397768954435983,0.25437308102846146,0.8411962802008054
101,0.8341266463200251,0.5825099994738897,0.2516166592637698,2.315069285071639
102,0.5804318934679031,0.3124153488315642,0.2680165519316991,1.165656921484385
103,0.3635406345129013,0.09166185837239027,0.2718787727256616,0.3371423868566649
104,0.5616739417115847,0.2903972016647458,0.2712767459452152,1.0704832095095684
105,0.3272554750243823,0.06998783101638158,0.25726764649152756,0.2720428781886744
106,0.5314839072525501,0.26908329625924426,0.2624006122350693,1.0254674864027693
107,0.3716605268418789,0.12685725294674435,0.24480327467123666,0.518200800692351
108,0.5210802381237348,0.2752584001670281,0.24582183361053467,1.11974756726911
109,0.6075931787490845,0.3474948003422469,0.2600983747591575,1.3360129630337583
110,0.26107558856407803,0.0010865905812048975,0.2599889971315861,0.004179371408763696
111,0.2504047018786271,0.00044937199769871466,0.2499553275605043,0.0017978092408930133
112,0.2285794597119093,0.009038901970294924,0.21954055751363435,0.04117190041176593
113,0.42532022049029666,0.21571249732126793,0.20960772534211478,1.0291247470444571
114,0.7886781841516495,0.5808176025748253,0.20786058406035104,2.794265229266307
115,0.7217440033952395,0.5111472047865391,0.2105967899163564,2.427136733610961
116,0.5638699059685072,0.3285682226220767,0.2353016771376133,1.396370083796375
117,0.2696204197903474,0.012126540634199046,0.25749387592077255,0.047094481726354616
118,0.24113987510402998,0.002899890848008605,0.23823998620112738,0.012172141604980006
119,0.23872598633170128,0.019178904922834288,0.2195470817387104,0.08735668345462082
120,0.42820057769616443,0.2112569335537652,0.2169436439871788,0.9737871535256886
121,0.6761192431052526,0.4701722611983617,0.20594697693983713,2.282977240960969
122,0.5101275940736135,0.2650412393365211,0.2450863557557265,1.081419806171027
123,0.23627081016699472,0.0016226780777894116,0.23464813083410263,0.006915367584737562
124,0.22663592795530954,0.0010683084850218922,0.2255676214893659,0.004736089683298169
125,0.21476641918222109,0.00023547137455655806,0.21453094544510046,0.001097610296118405
126,0.20903871580958366,0.016402907567680813,0.19263580938180289,0.08514983595376267
127,0.6424529949824015,0.44883516306678456,0.19361782756944498,2.318149979788409
128,0.4212525002658367,0.20505547562303642,0.21619702006379762,0.9484657816399438
129,0.21293752330044904,0.002592951132101007,0.2103445722411076,0.012327159690761284
130,0.23010370197395483,0.0002444793794893485,0.2298592229684194,0.0010636048287822576
131,0.20247606001794338,0.009171032109103786,0.19330502611895403,0.04744331946889064
132,0.3156200535595417,0.1340394103899598,0.1815806416173776,0.7381811695125764
133,0.458389679590861,0.255909208363543,0.20248046393195787,1.2638711083235143
134,0.2540688446412484,0.00011204341089410264,0.25395680218935013,0.0004411908242983903
135,0.18863679592808089,1.157395496894272e-05,0.18862522020936012,6.135953058714249e-05
136,0.18164493143558502,0.0003771057624059419,0.18126782650748888,0.0020803789049148344
137,0.1895317453891039,0.021908288811876748,0.1676234578092893,0.13069942058349926
138,0.5152951131264368,0.3577744836608569,0.15752063256998858,2.2712864837048747
139,0.3100322484970093,0.10888902132865041,0.20114322875936827,0.5413506683782856
140,0.20745614791909853,0.0061528617779913475,0.20130328834056854,0.03056513298273511
141,0.19184643030166626,2.9583427703983034e-05,0.19181684777140617,0.0001542274729654534
142,0.16032280524571738,0.00023441369971048212,0.16008839259545007,0.0014642766780903044
143,0.2420335685213407,0.09750280824179451,0.144530755157272,0.674616334327571
144,0.5651434486111006,0.4125181082636118,0.15262534407277903,2.7028152550267373
145,0.2537486491103967,0.053424191743639916,0.2003244577596585,0.26668831325497055
146,0.1896172904719909,0.002032221111145797,0.18758506824572882,0.010833597418765068
147,0.17081906273961067,4.673431247207797e-05,0.17077232835193476,0.00027366443336045604
148,0.14544576530655226,0.002807817541906843,0.1426379488160213,0.019684926523504977
149,0.48023910634219646,0.3431994675192982,0.13703963533043861,2.5043810623966856
150,0.48876016090313595,0.2900927384556174,0.19866741821169853,1.4601928241021218
151,0.21517113968729973,4.25999102399525e-05,0.2151285403718551,0.00019802072828792257
152,0.18064858950674534,1.445784930353966e-05,0.1806341310342153,8.003941016441178e-05
153,0.15700871124863625,7.201623823978782e-05,0.1569366945574681,0.0004588871866000495
154,0.14976277078191438,0.010493047897398355,0.13926972076296806,0.07534335417572306
155,0.7452346980571747,0.6119862546523412,0.1332484520971775,4.592820742157833
156,0.3598096929490566,0.1845998850573475,0.17520980661114058,1.0535933383400578
157,0.1721276162813107,0.000259114288079824,0.17186850247283778,0.0015076310339107925
158,0.15385249629616737,0.001410519283429797,0.15244197845458984,0.00925282719188776
159,0.15024705231189728,0.012358469729103186,0.13788858180244765,0.08962649095056406
160,0.5560995005071163,0.4222220939894517,0.13387740341325602,3.153796557333326
161,0.22622761689126492,0.06677816227602307,0.1594494575013717,0.4188045749572311
162,0.1703202904512485,0.00021374832734485003,0.17010654136538506,0.0012565556011495372
163,0.14261126642425856,0.0027368390500062865,0.13987442726890245,0.019566400402446928
164,0.42333539575338364,0.2885665003365527,0.1347688976675272,2.1411950778765125
165,0.21658729761838913,0.058753852625765525,0.15783344767987728,0.3722522284689106
166,0.1743534952402115,0.006919332490421463,0.16743416214982668,0.041325691254272066
167,0.15062468809386095,1.574531916048727e-05,0.15060894253353277,0.00010454438425514877
168,0.1333407759666443,0.01026030141292722,0.12308047525584698,0.08336254301585337
169,0.4906300716102123,0.3699019144599636,0.12072815870245297,3.0639240955511062
170,0.3305714726448059,0.169108329724016,0.16146314268310866,1.0473494254717435
171,0.1970268047104279,0.0019735600835038745,0.1950532461827,0.01011805813093367
172,0.16008800019820532,3.248165735196077e-06,0.1600847536077102,2.029028787560713e-05
173,0.13656584483881792,5.5319882586483495e-05,0.13651052551964918,0.0004052426168304569
174,0.1664767370869716,0.05285550635138255,0.1136212299267451,0.46519040838987596
175,0.64976188292106,0.5331954881548882,0.11656639973322551,4.574178231249848
176,0.3527559554204345,0.17939886156955254,0.1733570946380496,1.0348515700734227
177,0.19234950157503286,4.61774862732985e-06,0.1923448834568262,2.4007649927253467e-05
178,0.15695192975302538,1.7455987408728408e-05,0.15693447397400936,0.00011123105692901722
179,0.13451409246772528,1.781282992396882e-05,0.1344962796817223,0.0001324410605715032
180,0.12326236845304568,0.00024253321650273088,0.12301983622213204,0.0019714968248274877
181,0.34197793652613956,0.23631580082777268,0.10566213975350063,2.236522953056546
182,0.410197950899601,0.284519634830455,0.12567831700046858,2.263872095211095
183,0.37287748605012894,0.19073554701996423,0.18214193917810917,1.0471808298551808
184,0.1913812756538391,2.640408078254571e-06,0.19137863566478094,1.3796775533918599e-05
185,0.16547616571187973,8.104509679659108e-07,0.16547535732388496,4.897713962204142e-06
186,0.12572768206397691,2.1973327079649607e-05,0.12570570906003317,0.00017479975447380695
187,0.12130464427173138,0.005239663734755595,0.11606498062610626,0.045144226160987684
188,0.5613211976985136,0.4540656429405014,0.10725555072228114,4.23349318410776
189,0.3077180404216051,0.14633996342854516,0.16137807754178843,0.9068143929936878
190,0.2337054762368401,2.422512483946093e-06,0.23370305417726436,1.0365771609080519e-05
191,0.16220122699936232,4.161604868121079e-06,0.16219706616053978,2.565770742118107e-05
192,0.13272417647143206,4.7811226764338244e-05,0.13267636485397816,0.00036035978839907653
193,0.1319628395140171,0.030435076584884275,0.10152776384105285,0.29977097331260066
194,0.39504926403363544,0.27992797006542486,0.1151213018844525,2.4315914212505096
195,0.17184747072557607,0.03023113943587911,0.1416163326551517,0.21347212478305458
196,0.1423955395196875,4.018134463971516e-05,0.14235535822808743,0.0002822608515749369
197,0.13131225078056255,3.479462482876746e-05,0.13127745563785234,0.0002650464594983728
198,0.11182983095447223,4.064621498400811e-05,0.11178918493290742,0.0003635970242416811
199,0.15218033269047737,0.05463549361290158,0.09754483867436647,0.5601064531491103
200,0.5815853178501129,0.47672195670505363,0.10486336207638185,4.5461250456361695
201,0.2692346169302861,0.0828108967935653,0.18642372265458107,0.44420793456100616
202,0.20993139253308377,0.00014590242430282765,0.20978548688193163,0.0006954838796114733
203,0.16809464152902365,9.230506610909591e-07,0.16809372107187906,5.491285785126088e-06
204,0.12884892150759697,5.431136363161689e-06,0.12884348910301924,4.2152974907557195e-05
205,0.10972750249008338,1.853782708849394e-05,0.10970896482467651,0.00016897276460605418
206,0.09745314531028271,0.0022607966802752344,0.09519234796365102,0.02374977326054101
207,0.6303349379450083,0.5413668613570431,0.0889680798475941,6.0849561132984595
208,0.3623003674050172,0.23077120011051497,0.1315291691571474,1.75452488287823
209,0.4261979355166356,0.25212119987891884,0.174076738456885,1.4483336608547714
210,0.17768015495191017,2.950456263306478e-06,0.1776772029697895,1.6605710884632425e-05
211,0.1361546485374371,7.753337409136899e-07,0.13615387181440988,5.694540526695711e-06
212,0.11513943163057168,4.039801964950129e-05,0.11509903271993001,0.00035098487532733333
213,0.10666791008164485,0.005032789517523876,0.10163511987775564,0.049518213030861756
214,0.4159550319115321,0.31975278320411843,0.09620225429534912,3.323755618267012
215,0.280298122515281,0.14784170887044942,0.13245641564329466,1.1161536279872422
216,0.17512978706508875,0.0027312225476473864,0.1723985637848576,0.015842490144266967
217,0.1576653147737185,1.1280097612124488e-05,0.1576540352155765,7.15496916821701e-05
218,0.12585914569596449,4.423849607822679e-06,0.1258547200510899,3.5150446530943345e-05
219,0.11057389123986165,0.0013790864795737434,0.10919480522473653,0.0126295978708457
220,0.13333740333716074,0.03452052071562169,0.09881688250849645,0.34933828956457474
221,0.4645065777003765,0.3659240460644166,0.0985825319464008,3.7118548168692707
222,0.13970711237440506,0.003138101398387031,0.1365690122668942,0.02297813644763206
223,0.12686278205364943,1.0127095781816328e-05,0.12685265702505907,7.983353300842389e-05
224,0.11296037149926026,2.6724186028559416e-06,0.11295769829303026,2.365857877099498e-05
225,0.09517636460562547,0.0005131761936733407,0.09466318786144257,0.005421074498615775
226,0.3167156061778466,0.22771312102364996,0.0890024791782101,2.5585031240275775
227,0.572651373843352,0.4555414618904858,0.11710991368939479,3.8898625021507347
228,0.1270816931501031,1.7578077570116573e-05,0.12706411443650723,0.0001383402201956885
229,0.12984109359482923,4.5343422812038625e-06,0.12983656053741774,3.4923462716783113e-05
230,0.10838447697460651,9.32322564513773e-06,0.10837515319387118,8.602733532897074e-05
231,0.09324117905149858,0.000334627319110344,0.09290655081470807,0.003601762374945137
232,0.20935569889843464,0.12651326815830544,0.08284242978940408,1.5271554501711038
233,0.281630693624417,0.18225843412801623,0.09937226058294375,1.8340976954618968
234,0.12753908398250738,0.004265339234128381,0.12327374424785376,0.03460054904759366
235,0.12939550603429475,4.042091352592554e-06,0.12939146347343922,3.123924286877158e-05
236,0.11351456834624211,1.2495644289363858e-05,0.11350207403302193,0.00011009177053212628
237,0.09243848609427611,0.004958878566867497,0.0874796078229944,0.056686108800364725
238,0.31698807266851264,0.22422275024776658,0.09276532816390197,2.417096502387182
239,0.14429673614601293,0.002580201507678718,0.14171653551359972,0.0182067780469493
240,0.13556929988165697,8.19877792916183e-06,0.1355611002072692,6.0480314165539555e-05
241,0.11234916374087334,1.3375164063707719e-06,0.11234782574077447,1.1905138328683705e-05
242,0.09019087658574183,0.00025432551736533543,0.08993655008574326,0.00282783270119732
243,0.18390908588965735,0.09943073491255443,0.08447835283974807,1.1769966100211542
244,0.1482568345963955,0.050054215282822646,0.0982026190807422,0.5097034656648828
245,0.10895112218956153,0.008471023102174513,0.10048009889821212,0.0843054813347247
246,0.09348663222044706,0.00017057035302059376,0.09331606266399224,0.0018278777324197107
247,0.3909215002010266,0.3007163422880694,0.09020516028006871,3.333693342536128
248,0.12601099784175554,0.018715173010908377,0.10729582483569781,0.17442592048261837
249,0.10588843934237957,0.0003756303942357893,0.10551280776659648,0.003560045478713034
250,0.0936711731677254,0.0021830266923075214,0.09148814622312784,0.023861306436173704
251,0.17340264221032461,0.09291413379833102,0.08048850763589144,1.1543776438078566
252,0.39434159360826015,0.287776287739689,0.10656530627359946,2.7004688280146465
253,0.1459875569368402,0.0004717922772338549,0.14551576475302377,0.003242207317087623
254,0.12867524661123753,2.284457243225309e-05,0.1286524028206865,0.00017756817541988288
255,0.0995258204638958,1.4792438112939028e-06,0.09952434090276559,1.4863135971320937e-05
256,0.08601418323814869,3.980106072750308e-05,0.08597438192615907,0.000462940934680834
257,0.38933094777166843,0.318124943994917,0.07120600404838721,4.467670223128079
258,0.6696165433774391,0.5604077656654832,0.10920878499746323,5.1315264214183935
259,0.12718925004204115,6.354117695413682e-05,0.127125708386302,0.0004998294818625646
260,0.11709670194735129,0.00024204829780198148,0.11685465431461732,0.002071362062740737
261,0.0921607877438267,0.001160379292438544,0.0910004082446297,0.012751363590800405
262,0.08346840149412553,0.007575440837778539,0.07589296127359073,0.09981743643484162
263,0.6231851565341154,0.5426674180974563,0.0805177337800463,6.739725432162359
264,0.1425863423695167,0.026677228927534696,0.11590911323825519,0.23015644052680076
265,0.122024850298961,7.614232240863809e-06,0.12201723673691352,6.240292309914521e-05
266,0.1012045197809736,3.673299824905977e-05,0.10116778686642647,0.0003630898667137887
267,0.08874504206081231,1.4290498967284293e-05,0.08873075091590484,0.0001610546379893506
268,0.11470126795272033,0.038268587213072656,0.0764326808663706,0.500683565973287
269,0.21062889198462167,0.1288482960468779,0.08178059663623571,1.575536268340053
270,0.14629104360938072,0.01499290006135349,0.13129814465840658,0.11418973284321687
271,0.11706851702183485,0.0004044887710108469,0.1166640284160773,0.003467125012761045
272,0.10100987988213699,0.0002353135333426811,0.10077456571161747,0.002335048845718357
273,0.08166468081374963,0.0006476573663671085,0.08101702279721697,0.00799408993327457
274,0.25179044467707473,0.18171555364097003,0.0700748898088932,2.5931621745897986
275,0.7562924300630888,0.6734348703175783,0.08285756719609101,8.12762060372621
276,0.15117000229656696,0.00844170100780417,0.14272830014427504,0.05914525009595845
277,0.15479649199793735,0.002381753130691777,0.15241474006325006,0.01562678996600579
278,0.11399888899177313,1.304629385856515e-06,0.11399758358796437,1.1444360001278616e-05
279,0.09978730386743943,7.384084845796224e-06,0.09977991910030444,7.400371650305031e-05
280,0.097935792679588,0.02623848610710411,0.07169730588793755,0.3659619532722011
281,0.3651279316594203,0.28769163352747756,0.07743629720062017,3.7152039021459498
282,0.14269870705902576,0.0036851510149678766,0.13901355769485235,0.02650929215880601
283,0.14428966864943504,5.774567668481723e-07,0.14428908998767534,4.0020819792923815e-06
284,0.1030111676082015,2.5457961522571773e-06,0.10300862075140078,2.4714398986092216e-05
285,0.08232112818708022,2.106676150503972e-05,0.08230006167044242,0.0002559750391123428
286,0.1525132479146123,0.0817109714068162,0.07080227447052796,1.1540726907131926
287,0.34631239374478656,0.2532463993411511,0.09306599230815966,2.721148650117036
288,0.13097058981657028,0.00018677749091485415,0.13078381307423115,0.0014281392056434518
289,0.11323833496620257,2.978704344869243e-05,0.11320855002850294,0.0002631165529564051
290,0.0858686330417792,4.773634789027407e-05,0.08582089655101299,0.0005562322209241779
291,0.14206052850931883,0.07237035265037169,0.06969017628580332,1.0384584529328325
292,0.15354695791999498,0.06780461846695592,0.0857423401127259,0.7907950538533568
293,0.1277836443235477,0.02570480885200747,0.10207883485903342,0.2518133057406536
294,0.08549576563139756,3.238501773239477e-05,0.0854633804410696,0.0003789344344356415
295,0.07407930741707484,2.0177209497281485e-05,0.07405913062393665,0.0002724472907971189
296,0.35766050840417546,0.28526384170011926,0.07239666332801183,3.9402899054567966
297,0.10290972671161096,0.00205978956743517,0.1008499360953768,0.02042430215808134
298,0.1150042274966836,5.177700576079284e-05,0.1149524509285887,0.0004504210683855535
299,0.08716843603178859,0.0003215064844207897,0.08684692873309056,0.003701990261611736
300,0.3164893053472042,0.2444113108028129,0.07207799702882767,3.3909281733378402
301,0.13354813121259212,0.048795858301067106,0.08475227343539397,0.5757468953120629
302,0.09563317336142063,0.0068861223553540185,0.08874704999228318,0.07759269019029688
303,0.08334503788501024,0.0031647433249114934,0.08018029636392991,0.03947033708315391
304,0.23719797159234682,0.15938440252405903,0.07781356836979587,2.048285483665413
305,0.08686976414173841,0.003921107044637513,0.08294865768402815,0.04727149485135703
306,0.08330235847582419,0.004573103005289643,0.07872925496970613,0.05808645092665117
307,0.1426365946729978,0.07680128820841976,0.065835307041804,1.1665668720835858
308,0.4938246763000886,0.3969562655165646,0.09686841846754153,4.09789146758472
309,0.17832356908669075,5.301171969544309e-06,0.1783182673777143,2.972870950072294e-05
310,0.1569126316656669,2.2697801905261866e-05,0.1568899325405558,0.00014467341235802062
311,0.1275720683236917,1.8519960332715375e-06,0.12757021747529507,1.4517463949845429e-05
312,0.09004364628344774,4.388740540169541e-05,0.08999975894888242,0.00048763914386284465
313,0.07381607281665008,0.00017137674020280733,0.07364469611396392,0.0023270751221188385
314,0.28588618990033865,0.2184085915093116,0.06747759707892935,3.2367571010840304
315,0.20171568294366202,0.11409634884330444,0.08761933508018653,1.3021823178512706
316,0.12595154019072652,0.00021273214691556555,0.12573880919565758,0.0016918574963163586
317,0.10827583850671847,3.883532568712174e-06,0.10827195520202319,3.586831475857199e-05
318,0.0808841111138463,0.009281169992997699,0.07160294149070978,0.12961995414953584
319,0.25696199511488277,0.18560220786215118,0.07135979024072488,2.6009354460830294
320,0.0803344299395879,0.0004858919455728028,0.0798485375319918,0.006085170255975287
321,0.07190031340966622,0.0002218487898062449,0.07167846368004878,0.0030950550334966935
322,0.07017069992919762,0.0044190688707506824,0.06575163174420595,0.06720850499866252
323,0.40884604925910634,0.34805091687788564,0.060795131449898086,5.724980086024127
324,0.1488041610767444,0.01736120216548424,0.1314429578681787,0.1320816455066038
325,0.1773563198124369,5.174221655579458e-07,0.17735580385973057,2.9174244896274795e-06
326,0.12995691302542886,7.418246276813534e-06,0.12994949550678334,5.708561043568117e-05
327,0.10069616728772719,1.8578163273256603e-05,0.10067758957544963,0.00018453126809649914
328,0.08675993777190645,9.114432445282243e-05,0.08666879419858257,0.0010516394660341664
329,0.07838402160753806,0.003123858815039663,0.07526016297439735,0.04150746811566651
330,0.36583099141716957,0.29159908772756654,0.07423190741489331,3.9282176342010895
331,0.19391248747706413,0.10248919325143409,0.09142329419652621,1.1210402573234814
332,0.11068917547042172,3.259670971071197e-05,0.11065657871464889,0.00029457543409840457
333,0.0979919337357084,2.5640320657771554e-06,0.09798936980466048,2.6166430816817103e-05
334,0.07977250684052706,8.633835273030854e-05,0.07968616889168818,0.0010834797798807746
335,0.07099290657788515,0.00023712571085828435,0.07075578098495801,0.0033513263164842316
336,0.18324857639769712,0.12032911414280534,0.06291946334143479,1.9124307130503475
337,0.4535194914788008,0.3695973982733752,0.083922087525328,4.404053916816944
338,0.14344114810228348,0.01523195627779946,0.12820919261624417,0.11880549254679235
339,0.11884233308956027,1.8922055566861218e-06,0.11884044234951337,1.5922235892736647e-05
340,0.08500440698117018,5.983871711616e-06,0.08499842292318742,7.039979691180376e-05
341,0.0721136264813443,0.0005938420994956081,0.07151978431890409,0.008303186386129018
342,0.3383305051053564,0.27020182329094194,0.06812867894768715,3.9660511177446636
343,0.13032243338723978,0.010460979361795353,0.11986145563423634,0.08727559085981396
344,0.11822170329590638,2.9595686707277007e-05,0.1181921074166894,0.00025040324057288047
345,0.10639006923884153,6.25296749537559e-05,0.10632754024118185,0.0005880854086525502
346,0.08521714185674985,6.902500427230507e-06,0.08521023827294509,8.100552899664997e-05
347,0.07427937832350533,8.07315865737716e-05,0.07419864709178607,0.0010880466118729103
348,0.15126528653005758,0.08591235313663977,0.0653529327052335,1.3145906324378287
349,0.276610732699434,0.20055274541179338,0.07605798666675885,2.6368400506116076
350,0.10252201960732539,0.0004417979801777013,0.10208022221922874,0.004327948848199904
351,0.10281030026574929,1.1014660555493567e-06,0.10280919882158439,1.0713691655751997e-05
352,0.08771574528266986,9.911305506686101e-07,0.08771475404500961,1.1299473634276227e-05
353,0.06851152175416549,3.5329601061562244e-05,0.06847619265317917,0.0005159399156506986
354,0.08925702640165885,0.029614802131921653,0.05964222364127636,0.496540878657419
355,0.5261324538538853,0.458343049356093,0.0677894080678622,6.76127823534405
356,0.10143134649842978,0.0005907514140896334,0.10084059524039428,0.005858269803756502
357,0.0918239012050132,0.00018567396637081401,0.09163822683816154,0.002026162801018892
358,0.07927551213651896,9.417973870995411e-05,0.07918133276204269,0.0011894184579209462
359,0.07054757062966625,0.0006042609400083165,0.06994331022724509,0.008639295710269917
360,0.0637133230144779,0.00036151943034686457,0.06335180314878623,0.005706537341925539
361,0.2468875932196776,0.1920564896039044,0.0548310981442531,3.5026927437898494
362,0.5529970116913319,0.4805976036004722,0.07239941507577896,6.6381420774938675
363,0.14080558499942222,0.0002435391327016608,0.14056204569836458,0.0017326094785521063
364,0.12844995331640044,1.8256157770698185e-06,0.12844812963157892,1.4212863840883764e-05
365,0.09558550144235294,6.568283126284769e-07,0.09558484392861526,6.871678454787349e-06
366,0.07287055440247059,1.1174415346223062e-05,0.07285937977333863,0.0001533696194091417
367,0.06606306042522192,4.939240504124124e-05,0.06601366835335891,0.0007482148208588086
368,0.15835440469284853,0.10458878663242406,0.053765617311000824,1.9452726828642672
369,0.5864524232844511,0.5199316592188552,0.06652076651031773,7.816080398565627
370,0.21995570386449495,0.09799050188170592,0.12196520095070203,0.8034300039509908
371,0.13080586151530346,1.6496896032928515e-05,0.13078936530898014,0.00012613331362191282
372,0.10613765629629295,8.997751364366498e-05,0.10604767734184861,0.0008484628414219685
373,0.09496438068648179,2.5764616774874107e-06,0.09496180340647697,2.7131558006107543e-05
374,0.0772922309115529,0.00011440308245861767,0.07717782724648714,0.001482330956185669
375,0.12578741119553646,0.05837025446817279,0.06741715657214324,0.8658071244181095
376,0.5692847035825253,0.4870541927521117,0.0822305167093873,5.923034564812729
377,0.11370135160783927,0.0011687303610775264,0.11253261938691139,0.010385702985008991
378,0.11239199588696162,1.5377477997920625e-05,0.11237661835427086,0.00013683876791382562
379,0.09735338653748234,1.8587420162437713e-05,0.09733479982241988,0.0001909637683166666
380,0.08459949027746916,0.00019858973467989927,0.08440090157091618,0.002352933807384015
381,0.07373170057932536,1.450379185522858e-05,0.07371719647198915,0.00019674909721695245
382,0.064726819905142,0.000227501694704794,0.06449931828926007,0.0035271953369261553
383,0.35442913758258027,0.2942031613977936,0.06022597492362062,4.884987943672244
384,0.2539814431220293,0.18323927882981175,0.07074216784288485,2.590241215632208
385,0.11600528222819169,0.030385118259194616,0.08562016533687711,0.3548827328193393
386,0.33279743573317927,0.24189087175182067,0.09090656880289316,2.660873410328543
387,0.10340095777064562,0.01876328761621456,0.0846376707777381,0.22168955553476538
388,0.09015600678200524,0.00941338415213977,0.080742621794343,0.11658506923538235
389,0.07749193192770083,0.00438078141398061,0.07311115103463332,0.059919469902825075
390,0.06175169705723723,0.0013937269295638544,0.06035796987513701,0.02309101734944147
391,0.544248539643983,0.4782707164607321,0.06597781615952651,7.248962519528237
392,0.1255464336524407,0.0007231685709119992,0.12482326539854209,0.005793539919044977
393,0.11148700180153052,0.0010357476008901283,0.11045125608022015,0.009377418036222879
394,0.09159704204648733,5.8917354939088305e-05,0.09153812440733115,0.0006436373404038165
395,0.09036070325722297,0.0020196797522658017,0.08834102501471837,0.02286230833216284
396,0.0775318518280983,0.0023547995451735915,0.07517705236872037,0.03132338221541359
397,0.11620674779017766,0.04498061288904864,0.0712261355171601,0.6315183683973943
398,0.5503494888544083,0.4777863174676895,0.07256317387024562,6.584418679398543
399,0.33954399079084396,0.23327736623862924,0.10626662491510312,2.195208198481843
400,0.131700846987466,3.0409981775392225e-05,0.13167043558011451,0.0002309552758856741
401,0.12625475600361824,2.074684836372853e-06,0.12625268194824457,1.643279813432668e-05
402,0.09737649513408542,7.894296366828257e-06,0.09736860062306125,8.107640775684039e-05
403,0.07117108317712943,2.1923936979343733e-05,0.07114915922284126,0.0003081404927172409
404,0.07068746847410996,0.00569110196723462,0.06499636623387535,0.08756030986034545
405,0.5101422170797983,0.443351107959946,0.06679110430801909,6.637876593795385
406,0.0923024167617162,0.004960213347051952,0.08734220452606678,0.056790567331874535
407,0.08058613895749052,0.0011018930742163018,0.0794842451189955,0.013863037543687591
408,0.07923294774567087,0.0008221910717717643,0.07841075692946713,0.010485692320396171
409,0.061068604700267315,0.0020695591483672615,0.0589990463728706,0.035077840670301105
410,0.27596301802744466,0.2145172141220731,0.061445802450180054,3.4911614067698538
411,0.10090979964782794,0.0038486026584602464,0.09706119603166978,0.03965130057952818
412,0.11410410267611344,0.00012400999925787914,0.11398009272913139,0.0010879970027097923
413,0.0892015512411793,1.4588313942927774e-05,0.08918696222826838,0.0001635700283813895
414,0.07812668196856976,4.486627868042585e-06,0.07812219485640526,5.7430898815494875e-05
415,0.06603268859907985,0.00020896230648759229,0.06582372728735209,0.003174574201417853
416,0.3957477280249198,0.3405269864542788,0.05522074472780029,6.166649655538676
417,0.4365863061199586,0.35536684499190113,0.08121945569291711,4.375390624821579
418,0.13529606349766254,5.8295418815153726e-06,0.13529023403922716,4.308915512575067e-05
419,0.11369542311877012,4.9996015249575976e-05,0.11364542661855619,0.0004399298479241448
420,0.09900456232329209,4.0349667926875554e-06,0.099000527523458,4.0757023155573355e-05
421,0.07404136067877214,3.7854724723729305e-06,0.07403757485250632,5.112907168980271e-05
422,0.06827410822734237,1.2016913913726057e-05,0.06826209059605996,0.0001760408128259064
423,0.18617360045512518,0.13089046948266514,0.05528313014656305,2.3676385388391865
424,0.14176941259453693,0.07371292691095732,0.06805648546045025,1.0831139223872237
425,0.07713079297294219,0.004635043355544137,0.07249574937547247,0.06393538097714062
426,0.06718838773667812,0.001387228857614294,0.06580115885784228,0.021082134140088353
427,0.06493188564976056,0.0002062496591861418,0.06472563557326794,0.00318652196088012
428,0.21783915379395088,0.16453975969246434,0.05329939800625046,3.0870847673207984
429,0.40538869860271615,0.34480671274165314,0.060581982446213566,5.691571962799046
430,0.3468081820756197,0.21798515073350444,0.1288230299639205,1.6921287350138836
431,0.13396991634120545,1.6403479582057419e-06,0.13396827628215155,1.2244301440073718e-05
432,0.08451992024978001,5.546236594492863e-05,0.08446445626517136,0.0006566355647967197
433,0.0760713570440809,7.831144867983161e-06,0.07606352586299181,0.00010295532292427363
434,0.05821771640330553,0.00011653489373960231,0.058101181561748184,0.00200572330212859
435,0.2956603703399499,0.23998265654881834,0.055677713205417,4.3102103648443295
436,0.1874623131006956,0.0834655985347131,0.10399671799192826,0.802579159673013
437,0.13761240150779486,6.598285994622681e-06,0.13760580479477844,4.795063699865849e-05
438,0.10000751338278253,0.00028852477292673484,0.09971898902828495,0.002893378440137372
439,0.08427097865690787,0.0007963559897253466,0.08347462179760139,0.009540097008839992
440,0.07238184940069914,2.6687178622826952e-05,0.07235516204188268,0.0003688358628425035
441,0.07099463418126106,0.005132769427594515,0.06586186494678259,0.07793234266508961
442,0.4580571185797453,0.39672322988432523,0.061333887899915375,6.468255045753795
443,0.32773675831655663,0.2539245532825589,0.07381219851473968,3.44014347752902
444,0.31586944001416367,0.2319950539773951,0.08387438161298633,2.7659822882255996
445,0.10262469590331118,0.0012298620616751539,0.1013948352386554,0.012129434983353922
446,0.08680042469253142,0.0005804147875399698,0.08622001127029459,0.00673178742369221
447,0.08020289707928896,0.00030204334441682096,0.07990085333585739,0.0037802267661298165
448,0.06412444481005271,0.002143009239565193,0.06198143462340037,0.03457501835164243
449,0.1987864843880137,0.14040281664347276,0.05838366892809669,2.4048303099345816
450,0.18145258321116367,0.1003760997051586,0.08107648137956858,1.238042130062807
451,0.0847984046364824,3.995007304524734e-06,0.08479441003873944,4.711404092203203e-05
452,0.07456841971725225,2.3698316837794664e-06,0.07456604981174071,3.1781644458338026e-05
453,0.06062237763156494,0.0005849311696598155,0.06003744651873907,0.0097427722792515
454,0.6911043593039116,0.6412852707580896,0.04981909738853574,12.87227798923673
455,0.20578348388274512,0.1122635625924886,0.09351991955190897,1.200424071474696
456,0.1327153050030271,1.9079090364471085e-05,0.13269622686008611,0.0001437802024664042
457,0.12656681643178067,3.244335989194269e-06,0.12656357092782855,2.5634042761359153e-05
458,0.09375852455074589,5.193795042638764e-06,0.09375333149606983,5.539851181562001e-05
459,0.06824728877594073,0.00022900232605138626,0.06801828773071368,0.003366775814145939
460,0.12331181981911261,0.0630752525224428,0.06023656716570258,1.0471256163873246
461,0.4487774409353733,0.38593868476649124,0.06283875896284978,6.141729899450399
462,0.08733331070592006,0.0009087863472908945,0.08642452458540599,0.010515375718298784
463,0.08266699810822804,2.3299425580584437e-05,0.0826436987457176,0.0002819262198352631
464,0.06980466423556209,0.0021877652297159025,0.06761689918736617,0.032355302535444774
465,0.36224050416300696,0.30214024051868665,0.06010025879368186,5.027270207868883
466,0.5312732445696989,0.45256647005832445,0.07870676989356677,5.750032311964002
467,0.09185946127399802,0.00012766303582386249,0.09173179821421702,0.001391698825370641
468,0.07734150486066937,2.5732514018272923e-05,0.07731577319403489,0.00033282360060855285
469,0.06309443137918909,0.00010286438974797345,0.06299156680082281,0.0016329866833321854
470,0.0568703884879748,0.0006991760792516288,0.05617121219014128,0.012447231455231841
471,0.3375887392709653,0.2872232843850118,0.05036545746649305,5.702783193741359
472,0.4950905206302802,0.4209660671185702,0.0741244568489492,5.679179113263721
473,0.15087434152762094,0.03271203100585277,0.1181623103717963,0.27683980537385194
474,0.12436509660134713,4.958289832046603e-06,0.1243601383951803,3.98704110178022e-05
475,0.09631324093788862,0.0001687768923659405,0.09614446510871251,0.0017554509474372866
476,0.07353325001895428,0.0001492868824091905,0.07338396242509286,0.002034325722893146
477,0.0685224033271273,0.00031042920772961224,0.06821197426567475,0.004550948877693233
478,0.07561416054765384,0.015831075860963512,0.059783083852380514,0.2648086187734046
479,0.2145709376782179,0.1561797414906323,0.058391197584569454,2.67471379165384
480,0.07993353717029095,0.010061940372300645,0.06987159629352391,0.14400616138826133
481,0.07723677344620228,0.00028206435854372103,0.07695470874508221,0.003665329427443858
482,0.06622410115475456,0.0005120868879089358,0.06571201405798395,0.007792895945284417
483,0.0690170917659998,0.007149220901434698,0.061867871011296906,0.11555627799329428
484,0.07282142899930477,0.021220613600841414,0.05160081541786591,0.41124570278581557
485,0.4394301523764928,0.3807961402150492,0.05863400921225548,6.494458511894774
486,0.14741343228767315,0.027956302326496523,0.11945713280389707,0.23402790331817255
487,0.10051745502278209,0.00041981973033363335,0.10009763343259692,0.004194102457140795
488,0.08140211769690116,7.566284829844487e-05,0.08132645425697167,0.0009303596104087952
489,0.06559568317607045,2.5803714154430207e-05,0.06556987933193643,0.0003935299929988168
490,0.05961194075644016,0.0008289601995177994,0.05878297984600067,0.01410204453209934
491,0.33560119351993006,0.2824563325636215,0.05314485837394992,5.314838372061096
492,0.11076025664806366,0.010719055127926444,0.10004120164861281,0.10714640519389519
493,0.1387836222226421,9.052646014140464e-06,0.1387745700776577,6.523274407605542e-05
494,0.09543437122677763,3.5382492811208976e-06,0.09543083158011238,3.707658439663291e-05
495,0.07601946002493302,1.3420804722367544e-05,0.07600603842486937,0.00017657550637419122
496,0.06649854841331641,0.0018810888680036442,0.06461745997269948,0.02911115461360434
497,0.1833796783660849,0.12205368254217319,0.06132599742462238,1.9902437411179985
498,0.09458798387398322,0.019270031984585028,0.07531795216103394,0.25584912270828386
499,0.07617369216556351,9.803507195253285e-05,0.07607565804695089,0.0012886523031063297
500,0.07137459143996239,0.00027457334980833065,0.07110001798719168,0.003861790159572023
501,0.11902092769742012,0.06058992165041369,0.05843100603669882,1.0369481164222796
502,0.549441151941816,0.48982277283600223,0.05961838597431779,8.215968359945311
503,0.26862922372917336,0.18615932652816505,0.08246990060433745,2.257300241227332
504,0.11690356846277912,8.0483518911952e-05,0.11682308473003407,0.0006889350602061313
505,0.0924757335645457,8.345517123586887e-06,0.09246738782773416,9.025362692341331e-05
506,0.06915726574758689,0.00017227437312309726,0.06898499093949795,0.0024972732586743024
507,0.05815006125097474,0.0010678169678612903,0.05708224419504404,0.0187066395675102
508,0.05421720507244269,0.004476359637616649,0.04974084564795097,0.0899936376091959
509,0.32576313490668934,0.281678831204772,0.04408430556456248,6.38954901517609
510,0.4772892873734236,0.3984183140928508,0.07887097944815953,5.051519797021463
511,0.11659623868763447,1.7062081925682076e-05,0.11657917623718579,0.00014635617162852885
512,0.09108433515454332,2.9645867343219834e-06,0.09108137184133132,3.2548771218405165e-05
513,0.059771143520871796,0.0005277362016471443,0.05924340787654122,0.008907931203871773
514,0.11888519038135807,0.05483719210193764,0.06404799642041326,0.8561890327057917
515,0.24033480354895195,0.16867500609563044,0.07165979803539813,2.3538303305335755
516,0.0910615964482228,4.36200485722793e-05,0.09101797640323639,0.0004792465213578213
517,0.08372723559538524,4.827010992395723e-07,0.08372675285985072,5.7651955050443705e-06
518,0.06879831260691087,4.4639163263582304e-06,0.06879384877781074,6.488830623179283e-05
519,0.056291574922700725,0.0011375700938174305,0.05515400475511948,0.020625339879999184
520,0.09635049446175496,0.0400689149585863,0.05628157996882995,0.7119365693141059
521,0.37882509144643944,0.3174688954992841,0.0613561876428624,5.174195263682023
522,0.09586846766372521,0.012812646835982378,0.08305582140261929,0.15426548819344182
523,0.0730401766486466,4.538810433511268e-05,0.07299478879819314,0.0006217992418691153
524,0.06464968497554462,6.298975411785553e-06,0.06464338550964992,9.744191709831235e-05
525,0.054426315085341535,0.0003354888222020236,0.05409082646171252,0.006202323834698569
526,0.2536879886562626,0.20532127704063896,0.04836671659722924,4.24509438485227
527,0.426236767321825,0.35921784092109493,0.0670189264540871,5.359946211122699
528,0.11082967696711421,8.903107827625452e-05,0.11074064454684655,0.0008039602680711484
529,0.09575017883131902,0.00010532663150778869,0.09564485214650631,0.001101226350859449
530,0.07993009577815731,5.565919546294633e-06,0.07992452910790841,6.963969144916605e-05
531,0.06593038886785507,4.335403811713453e-05,0.065887035181125,0.0006580056000084579
532,0.05666894682993492,0.0003488181958270313,0.05632012834151586,0.006193490783825206
533,0.07335093275954326,0.02388315105296594,0.049467782489955425,0.48280213607342276
534,0.346840542430679,0.2959023113362491,0.05093823295707504,5.80904154224592
535,0.1299172481521964,0.03866289985095742,0.09125435135016839,0.42368280831449995
536,0.09495663379008572,5.519526453667822e-06,0.09495111322030425,5.813019212172367e-05
537,0.09464455442503095,0.010556436881112555,0.08408811874687672,0.12554017188670488
538,0.08064416283741593,0.0004845069888688158,0.08015965453038613,0.006044274912451795
539,0.06983622877548139,0.0016995727241351233,0.06813665588075916,0.024943588765339725
540,0.2018009858826796,0.13851116739291078,0.0632898195957144,2.188522076341799
541,0.08066226138422887,0.0002963444628297414,0.08036591640363137,0.0036874396023978016
542,0.0784598373187085,6.773762470402289e-05,0.07839210083087285,0.0008640873759738054
543,0.07289958434800307,0.01036977172814583,0.06252981241171558,0.16583724351942802
544,0.13233987366159758,0.07416879723314196,0.05817107701053222,1.2750115872826844
545,0.12430401736249526,0.06909187700997184,0.05521213930721084,1.2513892393397672
546,0.10198002308607101,0.03683950624690624,0.06514051835983992,0.5655390404387438
547,0.3144811447709799,0.24562398711956726,0.06885715294629335,3.5671528172410363
548,0.07428960967808962,0.0002117814758169819,0.07407782754550378,0.0028589050574801336
549,0.06237586122006178,2.974486241669183e-05,0.06234611663967371,0.00047709246413214134
550,0.06391657283529639,0.01009044732025425,0.05382612564911445,0.18746374922156894
551,0.3665466445187728,0.32123678270727396,0.04530985909514129,7.08977668707253
552,0.2785279493158062,0.19628264264072945,0.08224530766407649,2.3865512600722236
553,0.12636095471680164,4.499914081653363e-06,0.12635645627354583,3.56128544149071e-05
554,0.08736351210003097,9.600709488329547e-05,0.08726750578110416,0.0011001471168903703
555,0.07499242884417374,0.005205415859109053,0.06978701272358497,0.07459003697044406
556,0.05258424440398812,0.0011409805559499848,0.05144326357791821,0.022179396807160297
557,0.11885418277233839,0.06909503692440921,0.04975914799918731,1.3885896303035112
558,0.4343189013501008,0.36564790566383937,0.06867099553346634,5.324633825726953
559,0.11953813148041566,0.001465806550446776,0.11807232536375523,0.012414480242774452
560,0.1148940660059452,1.425491930717726e-06,0.11489263813321789,1.2407165105434082e-05
561,0.08541766041889787,0.00037507045693511526,0.0850425901201864,0.004410383743075641
562,0.06692311571290095,1.3797137247214172e-05,0.06690931785851717,0.00020620651485924357
563,0.055265563229719795,3.250085592299001e-05,0.055233062244951725,0.0005884311787540003
564,0.22865258591870466,0.17762726541453353,0.05102531844750047,3.4811593698781667
565,0.3400051649659872,0.28008680418133736,0.05991836047420899,4.674473766716243
566,0.08889515868698557,0.000546796502559251,0.08834836181874077,0.006189096111154634
567,0.08361575255791347,7.034348989520822e-06,0.08360871796806653,8.41341568256975e-05
568,0.06918584043160081,8.143964502475379e-06,0.06917769663656752,0.00011772529150920671
569,0.054752981600662075,4.142839248781153e-05,0.05471155311291417,0.0007572147038544357
570,0.24587808704624572,0.19868258570098382,0.04719550022855401,4.209778151281841
571,0.17471307485053936,0.09991661880864437,0.07479645622273286,1.3358469619350328
572,0.12760607649882635,1.5690792558586963e-06,0.12760450690984726,1.2296425054698521e-05
573,0.10125744203105569,2.8122388423904945e-06,0.10125462788467605,2.7773928966422094e-05
574,0.0795664641385277,4.3953892022348856e-07,0.07956602331250906,5.524203698067514e-06
575,0.060028046990434326,1.6377773154848303e-05,0.060011669527739286,0.0002729098071047328
576,0.07303252412627141,0.020296824000676377,0.052735699651141964,0.3848782539142222
577,0.258819794592758,0.18306317149487464,0.0757566240305702,2.4164642212805427
578,0.11735724968214829,1.7077820248327196e-05,0.11734017256336908,0.00014554112095842018
579,0.1138170671959718,1.9944335403939326e-06,0.11381507168213527,1.7523457226860267e-05
580,0.08798547834157944,3.8785474188784974e-05,0.08794669201597571,0.00044101117733614707
581,0.06742626242339611,3.4572060627624523e-06,0.06742280504355828,5.127650889827167e-05
582,0.05399460857734084,0.002140840533859508,0.051853768061846495,0.0412861131192261
583,0.2986992985631029,0.25014066339160007,0.04855863439540068,5.15131173901572
584,0.2731554228812456,0.2111282745221009,0.06202715169638395,3.4038041204205287
585,0.08157877468814452,0.0006202120789566834,0.08095856352398793,0.0076608582459953755
586,0.07442602577308814,2.061834989556625e-06,0.07442396475623052,2.7703912258773008e-05
587,0.061299687872330345,9.51339933408235e-06,0.061290174101789795,0.00015521899673971625
588,0.054519206595917545,0.0011866104603181309,0.05333259577552477,0.02224925382054414
589,0.3764863895873229,0.32466711608382565,0.051819270476698875,6.2653741184916125
590,0.10544355089465778,0.03271693616443372,0.07272661461805303,0.449861943062483
591,0.07719888476034005,0.0008513099975715477,0.07634757521251838,0.011150452325458558
592,0.0630889128272732,9.22000995160488e-05,0.06299671266848843,0.0014635700119979148
593,0.07733846502378583,0.024569891396671057,0.052768573009719454,0.4656159906417315
594,0.19773257027069727,0.14596027578954818,0.05177229860176643,2.8192736218315817
595,0.062447749388714634,0.002657112695184575,0.059790636568019785,0.044440281082502885
596,0.3545916052535176,0.28175957659247314,0.07283203039939205,3.86862174578103
597,0.08183299253384273,0.004621107155344362,0.07721188493693869,0.05984968711900456
598,0.34316235066701967,0.2789413704692076,0.06422097841277719,4.343461861890761
599,0.08062758731345336,0.013896661395847332,0.06673092596853773,0.20824919172258038
600,0.06125776873280605,0.0009773612115774692,0.06028040746847788,0.016213580044039277
601,0.05328474395597974,0.0017765938937372994,0.051508150063455105,0.03449151040269621
602,0.2601367800186078,0.1978924561626627,0.062244325100133814,3.179285113049403
603,0.12416776207586129,0.0027869074673958494,0.12138085501889388,0.022960025013516714
604,0.11831627793920536,6.54736137069752e-06,0.11830972926691175,5.534085329471422e-05
605,0.0918757445178926,1.6430219330250868e-05,0.09185931334892909,0.00017886285811695993
606,0.07586492241049807,0.00030749049120496846,0.07555743291353186,0.004069625969914323
607,0.12754101864993572,0.060600929529755376,0.06694008766983946,0.9053010182575507
608,0.350626810764273,0.2854143276344985,0.0652124813447396,4.376682526856825
609,0.38452122329423827,0.28888014253758837,0.09564107361560066,3.0204611012487335
610,0.0953199037661155,6.836687206993967e-05,0.09525153723855813,0.0007177508526577831
611,0.08223013952374458,3.051627626859954e-05,0.08219962349782388,0.0003712459372688905
612,0.07028528380518158,1.0772320853410141e-05,0.07027451150740187,0.00015328916021387806
613,0.06273249397054315,0.005893994019748068,0.056838500003019966,0.10369721261882185
614,0.2800175215428074,0.21603149187285453,0.0639860297863682,3.3762290392781735
615,0.4592384298642476,0.37485223827494946,0.08438619288305442,4.44210392089182
616,0.11418049177154899,8.929416045096635e-07,0.11417960003018379,7.82050037198949e-06
617,0.08409164162973563,5.352073206784288e-05,0.08403812100489934,0.0006368625503266865
618,0.06785679111878078,1.022674415670129e-06,0.0678557688370347,1.5071296563247665e-05
619,0.055547254625707865,1.1625457730701783e-05,0.05553562846034765,0.00020933332444418703
620,0.051919443222383656,0.002210627691264714,0.04970881513630351,0.04447154262685777
621,0.3177480238179366,0.2689311349919687,0.048816887817035116,5.508977466976553
622,0.33531076383466524,0.2596586885236623,0.07565208136414488,3.4322742195791975
623,0.09939790486047666,3.0841619971984833e-06,0.09939482156187296,3.1029403229811145e-05
624,0.09363648543755214,1.2258789195603488e-06,0.0936352585752805,1.3092065299043004e-05
625,0.06379102170467377,3.6914759817818776e-06,0.06378732963154714,5.78716181270613e-05
626,0.057978032467265926,0.00802979717162581,0.049948235197613634,0.16076238008924584
627,0.43680345158403117,0.3895246841129847,0.04727876139804721,8.238893587619948
628,0.26281284758200246,0.17321378291289116,0.08959906982878844,1.9332096108126902
629,0.12816339110334715,1.468207617705275e-06,0.12816192442551255,1.1455879929132885e-05
630,0.12532806769013405,3.220134892956139e-06,0.12532484717667103,2.5694305363218993e-05
631,0.0904930632871886,1.0369414299068088e-05,0.09048269363120198,0.00011460107875803012
632,0.06815942640726765,0.0022413730854774863,0.06591805381079514,0.034002415968027645
633,0.06134855219473442,0.0066615265313885175,0.05468702564636866,0.12181182744267346
634,0.27667871055503684,0.2207460574718425,0.05593265329177181,3.9466401910226603
635,0.08424280382071932,0.0007776711093091156,0.08346513394887249,0.009317316974360657
636,0.08780703507363796,4.201260564921465e-06,0.08780283418794473,4.784880355830581e-05
637,0.06744771745676796,0.0001136540160378748,0.06733406350637476,0.0016879126272709615
638,0.05328638727466265,8.686144743326926e-06,0.0532777012946705,0.000163035276152123
639,0.050176575779914856,0.0006926201800373141,0.04948395568256577,0.013996863639608718
640,0.04644218382115165,0.006005401970469393,0.040436781787623964,0.14851335108738548
641,0.5713149967292944,0.5295788027967016,0.041736199210087456,12.688716577447826
642,0.16693977949519953,0.0696016591006104,0.09733811983217795,0.7150503751316711
643,0.128592639695853,0.00024184701988734977,0.1283507915213704,0.0018842659014462115
644,0.09154504413406055,3.018049964017185e-07,0.0915447420751055,3.296803175807852e-06
645,0.06421367645574112,7.881355054214131e-06,0.06420579506084323,0.00012275145953329503
646,0.055106380954384804,3.3926391703668436e-05,0.055072454580416284,0.0006160319521282538
647,0.17444286153962216,0.13129530359916922,0.04314755881205201,3.0429370099727566
648,0.25343719342102605,0.18174601008649915,0.07169118740906318,2.535123446198115
649,0.12064180755987763,0.014960384074740318,0.10568142604703705,0.14156114876876943
650,0.11855795870845516,0.0014241300026895942,0.11713382632782061,0.012158144639652629
651,0.07638985260079305,5.408025193294937e-05,0.07633577178542812,0.000708452284794648
652,0.05723100372900566,5.165063877636082e-06,0.05722583939010898,9.025754681247753e-05
653,0.05025701426590482,0.0016195396282228103,0.048637474266191326,0.03329818525030971
654,0.5979423665752014,0.5541841592251634,0.043758208552996315,12.664690295855724
655,0.14450458623468876,0.06229723397023198,0.08220735347519319,0.7578061005093751
656,0.10501199557135503,2.3750532977355e-06,0.10500962194055319,2.2617482606308568e-05
657,0.0806143485630552,2.2298905773728468e-05,0.08059205037231247,0.0002766886519292391
658,0.06984419856841366,1.558002506385492e-05,0.0698286178521812,0.00022311805020738004
659,0.05914456847434243,0.0021989422391470725,0.05694562724481026,0.03861476895660102
660,0.07037954467038314,0.023432560859267444,0.046946983939657606,0.49912814185009263
661,0.5279492686192194,0.47714517591521144,0.05080408385644356,9.391866552765213
662,0.14343280981605253,0.05452034237724016,0.08891246747225523,0.6131911972216159
663,0.09880410848806302,1.1350997380551082e-06,0.09880297413716714,1.1488517911204384e-05
664,0.08233965265875061,7.840316319137249e-05,0.08226124973346789,0.0009530995875385328
665,0.0605116526906689,5.192035449870976e-06,0.060506460877756275,8.580960404147024e-05
666,0.04929627664387226,6.168265749314135e-05,0.04923459390799204,0.0012528316493970039
667,0.17139918341611823,0.1276150632114271,0.04378412361256778,2.9146424019047057
668,0.6061390427251657,0.5237576627457846,0.08238138599942128,6.357718511187271
669,0.134050359018147,2.5535862218835823e-06,0.13404780548686782,1.9049817433480835e-05
670,0.1343510951846838,3.6700504490265e-06,0.13434742499763766,2.7317609169591702e-05
671,0.10085977350051205,1.9769955107070323e-06,0.10085779583702485,1.9601811583327087e-05
672,0.06990577932447195,8.321216000695131e-07,0.06990494734297197,1.190361529044442e-05
673,0.05757078078264991,0.00019426188832956845,0.057376518845558167,0.003385738490905454
674,0.04808667333175739,0.0037505159440722005,0.044336157074819006,0.0845927160024956
675,0.18843564515312514,0.1414936330790321,0.04694201176365217,3.014221754948145
676,0.07459890469908714,0.0037723195908559624,0.07082658509413402,0.05326135074622414
677,0.08208884205669165,0.009146670159566384,0.07294217264279723,0.12539618478816428
678,0.06328166120996077,0.00020066448095690248,0.06308099627494812,0.003181060744225976
679,0.05357890506274998,0.00010489882696636717,0.05347400608782967,0.001961678853723313
680,0.08363306724155943,0.03412585038495308,0.04950721701607108,0.6893106185685032
681,0.29292777366936207,0.24378905755778155,0.04913871750856439,4.961241764506604
682,0.069102691176037,0.0028437754522864602,0.06625891632090013,0.0429191361735182
683,0.0562268765643239,2.05966999165715e-05,0.05620628005514542,0.00036644837367574493
684,0.057901810544232525,0.0008581970325044116,0.05704361324508985,0.015044577011928371
685,0.07073435342560212,0.020643052955468495,0.05009130000447234,0.4121085488622856
686,0.44866275880485773,0.40223183248114464,0.04643092925349871,8.663014911570723
687,0.27702346940835315,0.20857018717409423,0.06845327839255333,3.046898440393521
688,0.10465118770177166,3.016972724860049e-05,0.10462101750696699,0.00028837157167384086
689,0.0833683735691011,6.365766669584143e-05,0.08330471627414227,0.0007641544145754534
690,0.0746617540717125,7.4494340249013175e-06,0.07465430504331987,9.97857259615318e-05
691,0.05534618906676769,4.485710384945681e-05,0.05530133098363876,0.0008111396787670094
692,0.049784032783160605,0.00037829837644191383,0.049405734054744244,0.007656973095931307
693,0.20591353656103215,0.16102138090476123,0.04489215308179458,3.5868491451362647
694,0.09406138180444638,0.03500352146026368,0.059057860945661865,0.5926987686274283
695,0.16239092654238144,0.08158289776272909,0.08080802826831739,1.0095890162279273
696,0.06743895340089996,0.00012330196623130027,0.06731565203517675,0.0018316983124053686
697,0.06352511079361041,6.487477837424649e-05,0.06346023548394442,0.0010222902244139947
698,0.18605207791551948,0.13584806957442197,0.05020400773112973,2.705920816162001
699,0.24930820427834988,0.190609998855507,0.05869820946827531,3.247288129947579
700,0.07270889636129141,0.0006987692238027421,0.07201012736186385,0.009703763198352656
701,0.061567176754275955,1.7343420102141256e-05,0.061549833665291466,0.0002817785048202555
702,0.05432147082562248,9.896008156573544e-05,0.05422251081715027,0.0018250737576400635
703,0.16115728144844374,0.1094114090859269,0.05174587341025472,2.1143987312473183
704,0.0681626225511233,0.0026171720655838726,0.0655454508960247,0.039929118341645316
705,0.06048564100638032,0.0002990886501947898,0.060186552815139294,0.004969360034847472
706,0.3173228536422054,0.2593550460345189,0.05796780902892351,4.474121937317169
707,0.3759128754027188,0.2832130561955637,0.09269982234885295,3.055162879706081
708,0.10315404723708828,0.00012010394850629306,0.1030339440330863,0.0011656736004177928
709,0.07889031836142142,4.677453449393928e-05,0.07884354252989094,0.0005932576466386736
710,0.06767360943680008,4.682092964003459e-06,0.06766892690211535,6.919118092084147e-05
711,0.0552699010198315,0.006399896144785089,0.04887000548963746,0.13095754912780075
712,0.25842070393264294,0.20875708782114089,0.04966361386080583,4.203421209061278
713,0.0923930904828012,0.0011465557728153424,0.09124653491502006,0.012565471925954837
714,0.10278746206313372,1.6856501640442427e-06,0.10278577667971452,1.639964417739247e-05
715,0.08580655030285318,6.031547234404873e-06,0.08580051998918255,7.029732727919727e-05
716,0.0657303628201286,0.0006884408052485469,0.06504192234327395,0.010584570388543248
717,0.05901947213957707,0.0046512786648236215,0.05436819388220707,0.08555146552966204
718,0.04858712169031302,0.002923985341719041,0.04566313543667396,0.06403382758886651
719,0.07110105082392693,0.02716378584348907,0.04393726618339618,0.6182402366616568
720,0.3774978443980217,0.3303686865644219,0.047129160258919,7.009857267760272
721,0.12010926629106204,0.023641460060143043,0.09646780726810296,0.24507097994296467
722,0.10917912935838103,1.2334063915394229e-06,0.10917789690817396,1.1297216986848552e-05
723,0.08230933671196301,1.9420812537399947e-06,0.08230739381785195,2.3595465287576263e-05
724,0.07020438462495804,9.649053030595194e-05,0.0701078944063435,0.001376314766304282
725,0.05207972942541043,2.104789080211352e-06,0.05207762494683266,4.041638001656534e-05
726,0.0470197694376111,3.56939207601196e-05,0.04698407587905725,0.0007597025181893567
727,0.10512550516674916,0.06531008900522768,0.03981541423127055,1.6403217263010141
728,0.39589986329277355,0.3374176602616596,0.058482199208810925,5.769578860345325
729,0.12251326596985261,0.05380635804370589,0.06870690764238437,0.7831287986903005
730,0.08259620765844981,1.9082326045823567e-05,0.08257712547977765,0.0002310848910634053
731,0.05746100206548969,3.5159516590018334e-06,0.0574574867884318,6.119222847229923e-05
732,0.05175237978498141,1.3282138482395567e-05,0.0517390975728631,0.00025671376397105893
733,0.060296989201257624,0.014376777486935074,0.045920211200912796,0.3130816934624485
734,0.41298650577664375,0.3420382993297153,0.07094820449128747,4.820957792832066
735,0.1346948736657699,3.784760205149951e-05,0.13465702844162783,0.00028106666610355194
736,0.12969669606536627,4.1889425534217635e-06,0.12969250744208694,3.229903281261101e-05
737,0.10239430625612538,2.746406850206995e-05,0.10236684263994296,0.0002682906671124936
738,0.07812071172520518,0.0015784037871829544,0.07654230731228988,0.02062132489347523
739,0.15074519906193018,0.08629983618751187,0.06444536320244272,1.33911629788504
740,0.32330633886158466,0.258802592754364,0.06450374828030665,4.012210137459219
741,0.14993443340063095,0.04682604286548061,0.10310838914786775,0.45414386988751587
742,0.10705882869660854,4.826945694110426e-05,0.10701056057587266,0.0004510719005801323
743,0.09148568846285343,5.927713987811482e-07,0.0914850967625777,6.4794312927220225e-06
744,0.07562324947987993,4.6336295203749005e-06,0.07561861568440993,6.12763071425837e-05
745,0.05963072320446372,0.0002752180330768776,0.05935550512125095,0.004636773497498916
746,0.2532974596445759,0.1975960841421814,0.0557013686435918,3.547418832856883
747,0.1846472087005774,0.11941723735071719,0.06522997049614787,1.8307111967461234
748,0.24597903589407602,0.1591970921047808,0.08678194663176934,1.8344494250662677
749,0.10330265092973907,4.5431772264237225e-06,0.10329810840388139,4.398122382513071e-05
750,0.08608298158893983,4.700615084137401e-06,0.08607828120390575,5.460860763474577e-05
751,0.07733568921685219,6.29888952374813e-06,0.07732938975095749,8.145531141567217e-05
752,0.06362164129192631,2.947784173557011e-05,0.06359216291457415,0.00046354519778119284
753,0.06383677137394746,0.00838968799992775,0.055447083742668234,0.15130981529821427
754,0.3530141670877735,0.2963633638185759,0.05665080202743411,5.231406321044792
755,0.17427715752273798,0.0844260611453933,0.08985109472026427,0.9396219535025048
756,0.10645016779502232,1.8937669186887736e-06,0.10644827503710985,1.779048949387457e-05
757,0.08483120938763022,1.5365518990506644e-06,0.0848296731710434,1.811337756721626e-05
758,0.07327257290792961,1.4314881930488355e-05,0.07325825847995777,0.00019540297882462857
759,0.06062536593526602,0.0006874836149393104,0.05993788285801808,0.01146993490857583
760,0.08488051034510136,0.03415733999281656,0.05072317055116097,0.6734070370929278
761,0.29199964366853237,0.2425872078165412,0.04941243166103959,4.9094367482387
762,0.37112454744055867,0.3027359394964151,0.068388599747171,4.426701827725874
763,0.15421219061439237,0.06848729829494005,0.08572489256039262,0.7989196165710117
764,0.09163443697616458,9.84327053998868e-06,0.0916245924308896,0.00010743044284113176
765,0.07508841405312221,7.76571804787333e-07,0.07508763733009498,1.0342205886348811e-05
766,0.0644496837630868,4.266066842717464e-05,0.06440702282513182,0.0006623605090861042
767,0.050581328415622316,0.0003240687588762133,0.050257259514182806,0.006448197971971785
768,0.12420648941770196,0.08006719333267635,0.04413929674774408,1.8139662213075134
769,0.5766125110288461,0.5212987589572246,0.0553137535850207,9.424396739880539
770,0.07845212239772081,6.334409146546705e-05,0.07838877787192662,0.0008080760178320432
771,0.07082003106673558,2.1072844506401602e-06,0.07081792317330837,2.9756371780108995e-05
772,0.049695119416962065,5.4374522392208746e-05,0.049640745079765715,0.0010953607224234148
773,0.13051095247889558,0.08383638504104358,0.046674568516512714,1.7961898246875836
774,0.5247580275560418,0.4536827333416416,0.0710752905967335,6.383128785441675
775,0.1114802067944159,1.6180561698793856e-05,0.1114640246766309,0.00014516398224212164
776,0.104527881834656,8.79529150286847e-05,0.10443992804115017,0.0008421387938340071
777,0.09002393701424201,4.350147477794053e-07,0.09002350115527709,4.832235385169811e-06
778,0.0720565477386117,2.439169198472276e-06,0.0720541076734662,3.3851910421624664e-05
779,0.05619338092704614,0.0004569782660344875,0.055736403136203684,0.00819891920398531
780,0.3881677035242319,0.33860213806231815,0.049565565306693316,6.831398693168812
781,0.27390299768497545,0.20624983020631285,0.067653170786798,3.048635086983402
782,0.07757871551439166,9.194837019776969e-06,0.07756952041139205,0.00011853672642310926
783,0.06711329380050302,6.005028019255102e-05,0.06705324429397781,0.00089556114435382
784,0.05563255896170934,2.672421914221938e-05,0.05560583481565118,0.0004806009878426896
785,0.04620340714852015,0.0001054278622897679,0.04609797972564896,0.0022870386710484784
786,0.3081166011591752,0.27080662763425306,0.0373099686888357,7.258291474130526
787,0.39377680762360495,0.32465537319512805,0.06912143124888341,4.696884415285781
788,0.15783369851609072,3.91537943282098e-06,0.15782978323598704,2.4807608250761554e-05
789,0.12217960879206657,1.0098809056557911e-05,0.1221695098405083,8.266227039579563e-05
790,0.09176390369733174,5.529913813973053e-06,0.09175837319344282,6.0266040269862025e-05
791,0.0663776636744539,5.10940301694518e-05,0.06632656945536534,0.0007703403114167644
792,0.05734191074346503,0.0003638011817201914,0.05697811068966985,0.0063849288317337745
793,0.2250885854785641,0.17464520234716474,0.05044338293373585,3.4622024176408757
794,0.25396135449409485,0.17847992433341156,0.0754814298513035,2.3645540987367686
795,0.11443918260435264,9.917906306592765e-07,0.1144381919875741,8.666605207874717e-06
796,0.09629950866413613,1.124415389360441e-05,0.09628826286643744,0.00011677595543707447
797,0.08345516833166282,0.00011295846965945582,0.08334221054489414,0.0013553572543964167
798,0.0598063375800848,1.2055922174643758e-06,0.05980513229345282,2.0158674870055563e-05
799,0.0499704161969324,8.759076438025204e-05,0.04988282499834895,0.0017559303103453175
800,0.11762804103394349,0.07507911837941113,0.04254892313232025,1.764536276180886
801,0.4562305047487219,0.3918788838514047,0.0643516165825228,6.089650962363465
802,0.09042037813924253,6.30597390364566e-06,0.09041407199886937,6.974549165006656e-05
803,0.07003645738586783,0.00013288026596332733,0.06990357690180342,0.0019009079628355785
804,0.054245109048982464,2.5246282409815044e-06,0.054242584543923535,4.6543288123322345e-05
805,0.06340916734188795,0.020120141141736287,0.04328902609025439,0.46478618160148244
806,0.4397730901837349,0.38281737257360265,0.05695572107409438,6.721315529928784
807,0.08264841170360644,0.0004464813621941251,0.08220193069428205,0.0054315191677752435
808,0.0804520733654499,8.710402106260062e-07,0.08045120257884264,1.082693835151043e-05
809,0.06419100829710563,0.00027565788530144647,0.06391535078485806,0.004312858834637758
810,0.05633494397625327,1.6498091686874734e-05,0.05631844559684396,0.0002929429516747755
811,0.07154195631543796,0.022430702816412424,0.04911125265061855,0.45673245144012653
812,0.1411090288311243,0.09314969337234895,0.04795933592443665,1.9422640363309642
813,0.37832269196708995,0.3243825491129731,0.053940145298838615,6.013750005971107
814,0.13724836241453886,0.0751022652402753,0.062146094938119255,1.2084792345368909
815,0.07326506776735187,0.0015722225548415736,0.07169284578412771,0.021929978335295103
816,0.05227399881308278,0.0001920408590194711,0.05208195808033148,0.003687281855326297
817,0.04589954142769178,3.7299388774651256e-05,0.04586224133769671,0.0008132918864563392
818,0.23281173082068563,0.19396573761332547,0.038845992957552276,4.993198084169849
819,0.5529610825081667,0.48961457425320987,0.06334651044259469,7.729148311916944
820,0.1009070932244261,1.2598950355879879e-05,0.10089449444785714,0.00012487252574907434
821,0.09438156026105086,7.4739113860763e-06,0.09437408655261,7.919452954821318e-05
822,0.07790772492686908,2.9457003497176024e-06,0.07790477837746342,3.781154906115163e-05
823,0.06467425574858983,1.5611247476954304e-05,0.0646586447643737,0.00024144099422195053
824,0.3189409136151274,0.26317818673851434,0.05576272883142034,4.7196073838879755
825,0.14990272310872874,0.0911071236684317,0.05879560159519315,1.5495567899058658
826,0.16566814916829267,0.10207494691712782,0.063593204288433,1.605123504300196
827,0.26734191303451854,0.18857649744677474,0.07876541589697202,2.394153516480374
828,0.09340049838647246,1.0893926715975036e-05,0.0933896042406559,0.00011665031460999074
829,0.07437578743944566,9.190685735423662e-07,0.07437486884494622,1.2357246309346829e-05
830,0.06089898602416118,8.591534310653515e-06,0.06089039410774907,0.00014109835281161587
831,0.05140448749686281,0.000531905376457568,0.05087258185570439,0.010455639502753583
832,0.24263674796869358,0.19310194733164585,0.04953479906544089,3.898308885366367
833,0.07942213319862883,0.014584680162594546,0.06483745233466227,0.2249422153004235
834,0.11690065854539473,0.04870367695851504,0.06819698338707288,0.7141617493853415
835,0.05819583171978593,0.00026167115152020415,0.057934160344302654,0.004516698782982143
836,0.06392446191360553,0.013327040030465772,0.05059742135927081,0.26339366063412833
837,0.16141241199026504,0.11322584018732111,0.04818657459691167,2.3497383064572075
838,0.28438075135151547,0.22383093899892023,0.06054981146007776,3.696641386678775
839,0.07333094828451674,0.00011376840235281331,0.07321717993666728,0.0015538484608560827
840,0.06655939994379878,0.00010163519376741685,0.06645776533211271,0.0015293200615384855
841,0.057312263951947294,5.69616959940807e-06,0.05730656751741966,9.939819895296622e-05
842,0.05081428106253346,0.0017873144106393586,0.04902696764717499,0.036455740512076035
843,0.26637898323436576,0.22115842474158853,0.04522056210165223,4.890660674328682
844,0.08912100736051798,0.014178508355144004,0.0749424984678626,0.18919182900239356
845,0.08671183899665873,7.592159604996596e-06,0.08670424701025088,8.756387220684805e-05
846,0.08206303603947163,1.2368011503838261e-05,0.08205066807568073,0.00015073626813654254
847,0.06549060049777229,0.0002758365146936133,0.06521476370592912,0.004229663637783527
848,0.1983351226275166,0.147259420560052,0.05107570067048073,2.8831600668605373
849,0.07786082103848457,0.022332678840029985,0.05552814248949289,0.40218667217719023
850,0.05650406517088413,0.002170716484518683,0.05433334922417998,0.03995182545368745
851,0.06501100879783432,0.01597340326649525,0.04903760567928354,0.3257378300842161
852,0.07305672951042652,0.027168411756671656,0.04588831774890423,0.592055082632015
853,0.30453110734621686,0.2569057108679165,0.04762539779767394,5.394300578009324
854,0.22344423085451126,0.14724289230449963,0.07620133490612109,1.932287570629841
855,0.09713174402713776,7.756878279252533e-06,0.09712398673097293,7.98657318375797e-05
856,0.06988065177574754,0.0016287618564542565,0.06825189059600234,0.023863981528295667
857,0.2564052374412616,0.20011118148552973,0.056294053637733064,3.554748122657811
858,0.06990429495150845,0.00664481816204443,0.06325947586447,0.10504067685101585
859,0.07500074539954464,0.016374827834255257,0.05862591819216808,0.27931038590441715
860,0.04555180917183558,2.0026361729226967e-05,0.045531783097734056,0.00043983258213807144
861,0.08195214827234547,0.04050166825936685,0.04145047953352332,0.9771097636303794
862,0.14900974929332733,0.09874201228376478,0.050267737824469805,1.9643217808719096
863,0.24003607283035913,0.1556347753413642,0.08440130017697811,1.8439855193583405
864,0.08261531343062718,4.155097232209452e-07,0.08261489837119977,5.029476903233658e-06
865,0.06156730015451709,6.140943026385533e-06,0.061561158703019224,9.975353219081555e-05
866,0.050878070605297886,6.757390290583014e-06,0.050871312618255615,0.00013283302401279233
867,0.045430345771213375,0.007213195300816248,0.03821715107187629,0.18874236039337805
868,0.20894083629051843,0.16777584796849018,0.04116498896231254,4.075692771886631
869,0.09022545286764701,0.009973112120178484,0.08025234021867315,0.12427191647001885
870,0.08071400908132394,9.28293575933973e-06,0.08070472565790017,0.00011502344730950741
871,0.08010403905063868,7.86025355144678e-06,0.08009617760156591,9.813518930387895e-05
872,0.0522865136153996,0.00035247902794329394,0.05193403440838059,0.00678705269017988
873,0.047740913927555084,0.0017372533359321096,0.046003660497566067,0.03776337180872864
874,0.17606043412039676,0.13406711772161847,0.041993316573401294,3.192582264543902
875,0.13848121091723442,0.06204098677559008,0.07644022287180026,0.8116274972096891
876,0.10375560944279034,4.4079307907433457e-07,0.10375516985853513,4.248396293652966e-06
877,0.07979262170071404,7.999878802659547e-06,0.07978462132935722,0.00010026843105058323
878,0.06498958651597302,1.3826397894452688e-05,0.0649757602562507,0.00021279316840502196
879,0.05734232859686017,3.9589984074458094e-05,0.057302738850315414,0.0006908916548975769
880,0.048855687802036606,0.0001591845613499269,0.04869650366405646,0.003268911510528489
881,0.05846766786028942,0.016735103839891963,0.041732564102858305,0.40100828213298684
882,0.39164919468263787,0.339754035230726,0.051895159762352705,6.546931096976798
883,0.10632573813199997,0.006366162784784042,0.09995957432935636,0.06368737389585315
884,0.09332737194684644,0.00020952669934359847,0.09311784539992611,0.002250124006238709
885,0.07947044881681602,2.064972254819016e-06,0.0794683840746681,2.598482753693316e-05
886,0.056712304862836994,2.1061363099761365e-05,0.05669124393413464,0.0003715099835211061
887,0.04830916660527388,0.002927558272792415,0.04538160849673053,0.06450979526217825
888,0.3707340344165762,0.32155009153454256,0.04918394439543287,6.537704437637603
889,0.08515739875535171,0.007800811985698412,0.07735658809542656,0.10084224469770285
890,0.07323853314543764,7.955496844876582e-05,0.07315897848457098,0.001087425905837979
891,0.06722080769638221,0.011935872518506585,0.055284936213865876,0.21589737342435386
892,0.2323557585477829,0.1724298262370212,0.05992593104019761,2.8773825161157243
893,0.06569977834199865,0.0004696226868645681,0.06523015567411979,0.007199472115484955
894,0.06335133671139677,3.511711175481954e-06,0.06334782407308619,5.5435387511185745e-05
895,0.2317763639924427,0.18444903620788247,0.04732732536892096,3.89730530449555
896,0.0719845596080025,0.013514915022824425,0.05846964412679275,0.23114412999533612
897,0.05715446608761946,0.00029269871637419936,0.05686176739012202,0.005147548692358211
898,0.04835976784427961,4.611423717430322e-05,0.04831365356221795,0.0009544762975732659
899,0.04672692033151785,0.005307101256827688,0.04141981899738312,0.12812951348635754
900,0.3805610677227378,0.31991248269453837,0.06064858598013719,5.274854764121159
901,0.12434457087268432,0.00013478272440300051,0.12420978940402468,0.0010851215918624949
902,0.11225989895562331,7.164836191009272e-07,0.11225918307900429,6.382405425101747e-06
903,0.09157196975623567,1.261654891256588e-05,0.09155935328453779,0.00013779639610775316
904,0.10364523141955335,0.03810379416942548,0.06554143767183025,0.5813695201532405
905,0.25848125542203587,0.19905580255090172,0.05942545575089753,3.3496722917080075
906,0.05582591767112414,0.001149821139430666,0.05467609595507383,0.021029686179047043
907,0.05121889881168803,0.0004171590553596616,0.05080174018318454,0.008211511138308248
908,0.08945950431128342,0.04449014342390001,0.04496936143065492,0.9893434553769705
909,0.12585671742757162,0.0757073221320752,0.050149395441015564,1.5096357885534277
910,0.24265510899325213,0.1674993877764924,0.07515572166691224,2.228697749970978
911,0.08592326426878572,7.620997781287997e-06,0.08591564418748021,8.870326066179391e-05
912,0.06846765102818608,3.521963666486272e-06,0.06846412923187017,5.144246638350279e-05
913,0.05533335218206048,0.0021908531444978507,0.05314249933386842,0.041226008786936955
914,0.2423520974504451,0.1940480335809601,0.04830406823505958,4.017219266846722
915,0.06359145526463787,0.0038707804235590024,0.05972067437445124,0.06481474739030976
916,0.0669274851679802,0.0009825788000246878,0.06594490632414818,0.014899995386980783
917,0.05748832163711389,0.0001583517019601762,0.05732996901497245,0.002762110370560651
918,0.04877173714339733,0.0004077480756071357,0.04836398921906948,0.00843081975227892
919,0.08965615803996722,0.044411696416015424,0.045244460615019,0.9815941180934945
920,0.401637215167284,0.351067282880346,0.0505699321317176,6.9422138429202205
921,0.10970909583071868,0.013962276403596263,0.09574682001645367,0.1458249621365692
922,0.11413169341782729,3.116943076975076e-07,0.11413138080388308,2.7310132016461406e-06
923,0.06962922114568453,0.0015183255518707028,0.06811089642966787,0.022291962541390774
924,0.056602321487541,4.073092763690056e-05,0.05656159009474019,0.0007201163823130961
925,0.046883246318126716,0.006708087748241572,0.040175159461796284,0.16697102981309844
926,0.2680736128240824,0.2214565732574556,0.04661704289416472,4.750549573902218
927,0.1252516865109404,0.05309920430967926,0.07215248017261426,0.7359304099131059
928,0.07253564754500985,7.59952397828556e-05,0.07245965239902337,0.0010487938772375327
929,0.062897561583668,9.831319308280702e-07,0.06289657888313134,1.563092855423561e-05
930,0.044225890965511404,0.00018932092572517453,0.04403656984989842,0.004299175125821278
931,0.04268169992913803,0.0018931063038204836,0.040788593236356974,0.04641264024112164
932,0.450405918682615,0.4110315325281893,0.03937439310053984,10.439056964729543
933,0.26413113810122013,0.1952541374272793,0.06887700253476699,2.834823384317879
934,0.1081841414173444,0.009298858258941797,0.0988852830293278,0.09403682705932999
935,0.09204382728785276,0.0010559102071781012,0.09098791734625895,0.011604949733707867
936,0.07284105856282015,3.540612859609382e-05,0.07280565154117842,0.00048631016750215245
937,0.10493134971087177,0.04939061862872526,0.055540731021513544,0.8892684291388592
938,0.05440361533934871,0.00513379128096858,0.049269824444005884,0.10419747459833201
939,0.04272543437158068,0.0004164059073445969,0.042309028251717486,0.009842010666545938
940,0.4689286605765422,0.43080699850300636,0.038121660239994526,11.30084565548471
941,0.14155388592431942,0.08034593328678359,0.061207952443510294,1.3126714761604878
942,0.08140418243904908,0.00017887115518533392,0.08122531076272328,0.002202160305767931
943,0.07786805865665276,1.603497130275855e-05,0.0778520234550039,0.00020596730298251366
944,0.058409580029547215,0.0021639258078683574,0.056245654433344804,0.038472764334758824
945,0.04938678784916798,7.210102425384927e-05,0.04931468702852726,0.0014620598567753398
946,0.04573993431404233,0.0067035174221719744,0.039036416759093605,0.17172471191558272
947,0.589069463002185,0.5378571640176233,0.05121230116734902,10.502499433877036
948,0.12028884918739398,8.674344118849338e-05,0.12020210580279429,0.0007216466018557629
949,0.12033286209528644,8.887844463364066e-07,0.12033197283744812,7.3861038373984915e-06
950,0.08711876689145963,1.554738075763377e-06,0.08711721127231915,1.7846508778884472e-05
951,0.0633331909775734,1.0120029045879164e-06,0.06333217831949393,1.59792846455183e-05
952,0.048966261403014265,1.7748055891312713e-05,0.04894851287826896,0.0003625862124851619
953,0.377499683915327,0.33385797982797766,0.043641704600304365,7.649975702957517
954,0.24274326395243406,0.15523514562843369,0.08750811560700338,1.7739514164102288
955,0.11206839807952444,1.4887095118136054e-05,0.11205351011206706,0.00013285701718087332
956,0.08753779033819835,2.0059447732497424e-06,0.08753578457981348,2.2915711361686143e-05
957,0.07498541955525677,1.3659631209842853e-06,0.07498405346026023,1.821671486068986e-05
958,0.05378714964414636,7.388417690397849e-06,0.053779761074110866,0.0001373828656511933
959,0.04723840237905582,0.0038515084188475157,0.043386894123007856,0.08877124064073257
960,0.47549881413578987,0.4292090907692909,0.0462897220471253,9.272233052778631
961,0.7453311644494534,0.6708612060210726,0.07446993724443018,9.00848356859933
962,0.09266417295051117,4.7515593758854875e-06,0.09265942126512527,5.127983005948104e-05
963,0.08166605730851491,3.022648182119762e-07,0.08166575556000073,3.7012431482360914e-06
964,0.05877062973255912,2.31253374565199e-05,0.05874750452737013,0.00039363948549926806
965,0.07516887225210667,0.027695222041074885,0.04747365042567253,0.5833809237913169
966,0.45492025930434465,0.40327645481253666,0.05164380976930261,7.80880528787492
967,0.07296115524756412,7.322207590713485e-05,0.07288793288171291,0.0010045843394401678
968,0.06455568441500266,2.748042350712391e-06,0.06455293670296669,4.257036923598393e-05
969,0.05978417443111539,4.0721775107499525e-06,0.05978010191271702,6.811928016943842e-05
970,0.04828858391071359,2.2492141020791223e-05,0.0482660912287732,0.0004660029525528023
971,0.0887503429936866,0.04573175291333579,0.043018591202174626,1.0630695156522003
972,0.48772170829276246,0.4258875659676657,0.061834142077714205,6.8875794449028325
973,0.11247345665469766,0.0006808017961859036,0.11179265581692259,0.006089861549588908
974,0.10560260278483231,7.560768580106014e-07,0.10560184561957915,7.1596935979158745e-06
975,0.07646013392756383,1.3555413739633575e-06,0.0764587785427769,1.7729048250554562e-05
976,0.06041197975476583,2.3334412991478834e-06,0.060409645860393844,3.862696537802002e-05
977,0.053181820238629975,2.1745364923238714e-05,0.053160074477394424,0.0004090544480423109
978,0.19756272761151195,0.1535636037982234,0.043999126801888146,3.4901511679916677
979,0.4225730604181687,0.36085235070398386,0.0617207121104002,5.846535763529837
980,0.11832534583906333,0.0003429186666596233,0.1179824247956276,0.0029065233000053732
981,0.1148605840280652,4.78132641319462e-05,0.11481277062557638,0.00041644552144702823
982,0.07476287024716537,2.7045120785847605e-05,0.07473582495003939,0.0003618762595305152
983,0.06194478188020488,2.0274181366630728e-05,0.06192450838473936,0.0003274015716146902
984,0.051168824856479965,0.00010761984090853123,0.0510612060315907,0.002107663513508644
985,0.04427166795358062,0.00010913645883192657,0.044162531228115164,0.0024712455513067853
986,0.06570579142620166,0.02571021774383553,0.03999557330583533,0.6428265835130416
987,0.5909287532170614,0.5331268430260631,0.057801899733021855,9.22334465629148
988,0.10817149250457685,3.199558043102494e-06,0.10816829341153304,2.957944460609705e-05
989,0.09712350803116958,3.5812757796331124e-07,0.09712315040330093,3.687355450026048e-06
990,0.06708912660057346,0.003442229348408432,0.06364689736316602,0.05408322307947304
991,0.05586379750942191,3.479940935354383e-05,0.055828997399657965,0.0006233214095612082
992,0.048120948020368814,0.0012577670936858947,0.04686318042998513,0.026839132174672462
993,0.3901196721320351,0.35139564890414476,0.03872402012348175,9.074358699939394
994,0.10098425640414159,0.03482105370115581,0.06616320554167032,0.5262903061615587
995,0.07485826406627893,0.0008173813902677315,0.07404088197896878,0.011039595537231817
996,0.06931129842996597,7.605012892023902e-07,0.06931053753942251,1.0972376152325058e-05
997,0.0588033189997077,6.301548732305188e-06,0.05879701767116785,0.00010717463201191008
998,0.055807508838673435,5.656110230726578e-05,0.05575094775607189,0.0010145316731607608
999,0.058657317577550806,0.012952129255457598,0.04570518775532643,0.2833842259831472
1000,0.13850462498764196,0.0984319793836524,0.040072646302481495,2.456338387054738
